<?xml version="1.0"?>
<doc>
    <assembly>
        <name>ClassToExcel.OpenXml</name>
    </assembly>
    <members>
        <member name="M:ClassToExcel.IClassToExcelRawReaderService.ReadWorksheet(System.String,System.String,System.Nullable{System.Int32},System.Nullable{System.Int32})">
            <summary>Read a worksheet from an Excel file.</summary>
            <param name="fileName">Name and path of the file</param>
            <param name="worksheetName">Tab / Worksheet name</param>
            <param name="startRow">Starting row (this is a ONE based number)</param>
            <param name="endRow">Ending row (this is a ONE based number)</param>
            <returns>List of objects</returns>
        </member>
        <member name="M:ClassToExcel.IClassToExcelRawReaderService.ReadWorksheet(System.Byte[],System.String,System.Nullable{System.Int32},System.Nullable{System.Int32})">
            <summary>Read a worksheet from an Excel file.</summary>
            <param name="data">Byte array containing Excel file data.  This is typically what you will have when reading data from a database.</param>
            <param name="worksheetName">Tab / Worksheet name</param>
            <param name="startRow">Starting row (this is a ONE based number)</param>
            <param name="endRow">Ending row (this is a ONE based number)</param>
            <returns>List of rows</returns>
        </member>
        <member name="M:ClassToExcel.IClassToExcelRawReaderService.ReadWorksheet(System.IO.Stream,System.String,System.Nullable{System.Int32},System.Nullable{System.Int32})">
            <summary>Reads data from a work sheet.</summary>
            <param name="dataStream">The stream that contains the worksheet</param>
            <param name="worksheetName">The worksheet name/tab that you want to read.</param>
            <param name="startRow">Starting row (this is a ONE based number)</param>
            <param name="endRow">Ending row (this is a ONE based number)</param>
            <returns>List of rows</returns>
        </member>
        <member name="M:ClassToExcel.IClassToExcelReaderService`1.ReadWorksheet(System.String,System.String,System.Boolean,System.Nullable{System.Int32},System.Nullable{System.Int32})">
            <summary>Read a worksheet from an Excel file.</summary>
            <param name="fileName">Name and path of the file</param>
            <param name="worksheetName">Tab / Worksheet name</param>
            <param name="hasHeaderRow">Is there a header row with the names of the columns on the first row?</param>
            <param name="startRow">Starting row (this is a ONE based number)</param>
            <param name="endRow">Ending row (this is a ONE based number)</param>
            <returns>List of objects</returns>
        </member>
        <member name="M:ClassToExcel.IClassToExcelReaderService`1.ReadWorksheet(System.Byte[],System.String,System.Boolean,System.Nullable{System.Int32},System.Nullable{System.Int32})">
            <summary>Read a worksheet from an Excel file.</summary>
            <param name="data">Byte array containing Excel file data.  This is typically what you will have when reading data from a database.</param>
            <param name="worksheetName">Tab / Worksheet name</param>
            <param name="hasHeaderRow">Is there a header row with the names of the columns on the first row?</param>
            <param name="startRow">Starting row (this is a ONE based number)</param>
            <param name="endRow">Ending row (this is a ONE based number)</param>
            <returns>List of objects</returns>
        </member>
        <member name="M:ClassToExcel.IClassToExcelReaderService`1.ReadWorksheet(System.IO.Stream,System.String,System.Boolean,System.Nullable{System.Int32},System.Nullable{System.Int32})">
            <summary>Reads data from a work sheet.</summary>
            <param name="dataStream">The stream that contains the worksheet</param>
            <param name="worksheetName">The worksheet name/tab that you want to read.</param>
            <param name="hasHeaderRow">Indicates if the first row in the worksheet is a header row.  If it does, we will use it
            to determine how things should map to the class; otherwise, we will just assue the class is indexed properly with
            the ExcelMappperAtttribute (Order property) and try to pull the data out that way.</param>
            <param name="startRow">Starting row (this is a ONE based number)</param>
            <param name="endRow">Ending row (this is a ONE based number)</param>
            <returns>List of objects</returns>
        </member>
        <member name="P:ClassToExcel.IClassToExcelReaderService`1.WorksheetColumns">
            <summary>The columns created when worksheets were added.  These are based on the Class of T that you passed into the ReadWorksheet method and 
            NOT the column header row from the Excel file!  The dictionary key is the worksheet name.</summary>
        </member>
        <member name="M:ClassToExcel.IClassToExcelWriterService.AddWorksheet``1(System.Collections.Generic.List{``0},System.String,System.Boolean)">
            <summary>Saves one worksheet in the spreadsheet.  You can add one or more.</summary>
            <typeparam name="T">The class type that contains data that will be added to the worksheet</typeparam>
            <param name="dataList">The data that will be added to the worksheet</param>
            <param name="sheetName">The name of the worksheet</param>
            <param name="createHeaderRow">Indicates if the worksheet has a header row.</param>
            <returns>A worksheet</returns>
        </member>
        <member name="M:ClassToExcel.IClassToExcelWriterService.SaveToFile(System.String)">
            <summary>Closes the spreadsheet off to editing and saves the data to a file.</summary>
            <param name="filePath">The file name and path to save it.</param>
        </member>
        <member name="M:ClassToExcel.IClassToExcelWriterService.SaveToMemoryStream">
            <summary>Closes the spreadsheet off to editing and saves the data to a MemoryStream that the caller is responsible for disposing.</summary>
            <returns>A MemoryStream that the caller is responsible for disposing.</returns>
        </member>
        <member name="P:ClassToExcel.IClassToExcelWriterService.WorksheetColumns">
            <summary>The columns created when worksheets were added.  These are based on the Class of T that you passed into the AddWorksheet method.
            The dictionary key is the worksheet name.</summary>
        </member>
        <member name="P:ClassToExcel.ClassToExcelAttribute.ColumnName">
            <summary>The name of the column in the Excel spreadsheet.  
            This is used when reading and writing files.</summary>
        </member>
        <member name="P:ClassToExcel.ClassToExcelAttribute.Ignore">
            <summary>Ignore this property.  
            This is used when reading and writing files.</summary>
        </member>
        <member name="P:ClassToExcel.ClassToExcelAttribute.IsOptional">
            <summary>Is an optional property.  If specified, we will not report this as a missing header column 
            if you don't find it in the Excel file.  If you aren't listening for messages when reading data 
            or your data has no header row, you don't need to use this at all.
            This is used only when reading files.</summary> 
        </member>
        <member name="P:ClassToExcel.ClassToExcelAttribute.Order">
            <summary>The order that the column should be written to the excel spread sheet.  This is used when reading if there is NOT a header row.    
            This is used when reading and writing files.</summary>
        </member>
        <member name="P:ClassToExcel.ClassToExcelAttribute.StyleFormat">
            <summary>Used for writing Excel spreadsheets.  Use it when a special number or date format is desired. 
            This will only be used if the type is DateTime, int, decimal or double.    
            This is used only when writing files.</summary>
        </member>
        <member name="M:ClassToExcel.ClassToExcelBaseService.GetCellText(DocumentFormat.OpenXml.Spreadsheet.Cell,DocumentFormat.OpenXml.Spreadsheet.SharedStringTable)">
            <summary>Used when reading a file to get the string value from a cell.</summary>
        </member>
        <member name="M:ClassToExcel.ClassToExcelBaseService.GetColumnLetter(DocumentFormat.OpenXml.Spreadsheet.Cell)">
            <summary>Used when reading a file to get the column/cell letter.</summary>
        </member>
        <member name="M:ClassToExcel.ClassToExcelBaseService.GetExcelColumnName(System.Int32)">
            <summary>Get an Excel column number.  So, if you pass in 1, you will get A.  If you pass in 2, you will get B.
            This will continue to reach AA, AB, etc. just as Excel numbers its columns).</summary>
        </member>
        <member name="M:ClassToExcel.ClassToExcelBaseService.CreateColumns(System.String,System.Type)">
            <summary>Using reflection, create the columns and pull the attribute information off the class so
            that we know how to format the columns later.</summary>
        </member>
        <member name="T:ClassToExcel.ClassToExcelRawReaderService">
            <summary>Reads everything as a string with no coversion at all.  Keep in mind that Excel does NOT require 
            that BLANK cells be written so rows will not always have every column in their data!</summary>
        </member>
        <member name="M:ClassToExcel.ClassToExcelRawReaderService.ReadWorksheet(System.String,System.String,System.Nullable{System.Int32},System.Nullable{System.Int32})">
            <summary>Read a worksheet from an Excel file.</summary>
            <param name="fileName">Name and path of the file</param>
            <param name="worksheetName">Tab / Worksheet name</param>
            <param name="startRow">Starting row (this is a ONE based number)</param>
            <param name="endRow">Ending row (this is a ONE based number)</param>
            <returns>List of objects</returns>
        </member>
        <member name="M:ClassToExcel.ClassToExcelRawReaderService.ReadWorksheet(System.Byte[],System.String,System.Nullable{System.Int32},System.Nullable{System.Int32})">
            <summary>Read a worksheet from an Excel file.</summary>
            <param name="data">Byte array containing Excel file data.  This is typically what you will have when reading data from a database.</param>
            <param name="worksheetName">Tab / Worksheet name</param>
            <param name="startRow">Starting row (this is a ONE based number)</param>
            <param name="endRow">Ending row (this is a ONE based number)</param>
            <returns>List of rows</returns>
        </member>
        <member name="M:ClassToExcel.ClassToExcelRawReaderService.ReadWorksheet(System.IO.Stream,System.String,System.Nullable{System.Int32},System.Nullable{System.Int32})">
            <summary>Reads data from a work sheet.</summary>
            <param name="dataStream">The stream that contains the worksheet</param>
            <param name="worksheetName">The worksheet name/tab that you want to read.</param>
            <param name="startRow">Starting row (this is a ONE based number)</param>
            <param name="endRow">Ending row (this is a ONE based number)</param>
            <returns>List of rows</returns>
        </member>
        <member name="T:ClassToExcel.ClassToExcelReaderService`1">
            <summary>Reads only primitives and maps them ont a given class type.</summary>
            <typeparam name="T"></typeparam>
        </member>
        <member name="M:ClassToExcel.ClassToExcelReaderService`1.ReadWorksheet(System.String,System.String,System.Boolean,System.Nullable{System.Int32},System.Nullable{System.Int32})">
            <summary>Read a worksheet from an Excel file.</summary>
            <param name="fileName">Name and path of the file</param>
            <param name="worksheetName">Tab / Worksheet name</param>
            <param name="hasHeaderRow">Is there a header row with the names of the columns on the first row?</param>
            <param name="startRow">Starting row. This is a ONE based number, but keep in mind that if hasHeaderRow is true, the header row IS row 1.
            If the value is null, it is not used.</param>
            <param name="endRow">Ending row.  This is a ONE based number, but keep in mind that if hasHeaderRow is true, the header row IS row 1.
            If the value is null, it is not used.</param>
            <returns>List of objects</returns>
        </member>
        <member name="M:ClassToExcel.ClassToExcelReaderService`1.ReadWorksheet(System.Byte[],System.String,System.Boolean,System.Nullable{System.Int32},System.Nullable{System.Int32})">
            <summary>Read a worksheet from an Excel file.</summary>
            <param name="data">Byte array containing Excel file data.  This is typically what you will have when reading data from a database.</param>
            <param name="worksheetName">Tab / Worksheet name</param>
            <param name="hasHeaderRow">Is there a header row with the names of the columns on the first row?</param>
            <param name="startRow">Starting row.  This is a ONE based number, but keep in mind that if hasHeaderRow is true, the header row IS row 1.
            If the value is null, it is not used.</param>
            <param name="endRow">Ending row.  This is a ONE based number, but keep in mind that if hasHeaderRow is true, the header row IS row 1.
            If the value is null, it is not used.</param>
            <returns>List of objects</returns>
        </member>
        <member name="M:ClassToExcel.ClassToExcelReaderService`1.ReadWorksheet(System.IO.Stream,System.String,System.Boolean,System.Nullable{System.Int32},System.Nullable{System.Int32})">
            <summary>Reads data from a work sheet.</summary>
            <param name="dataStream">The stream that contains the worksheet</param>
            <param name="worksheetName">The worksheet name/tab that you want to read.</param>
            <param name="hasHeaderRow">Indicates if the first row in the worksheet is a header row.  If it does, we will use it
            to determine how things should map to the class; otherwise, we will just assue the class is indexed properly with
            the ExcelMappperAtttribute (Order property) and try to pull the data out that way.</param>
            <param name="startRow">Starting row.  This is a ONE based number, but keep in mind that if hasHeaderRow is true, the header row IS row 1.  
            If the value is null, it is not used.</param>
            <param name="endRow">Ending row.  This is a ONE based number, but keep in mind that if hasHeaderRow is true, the header row IS row 1.  
            If the value is null, it is not used.</param>
            <returns>List of objects</returns>
        </member>
        <member name="M:ClassToExcel.ClassToExcelReaderService`1.AssignValue(`0,ClassToExcel.ClassToExcelColumn,DocumentFormat.OpenXml.Spreadsheet.Cell,DocumentFormat.OpenXml.Spreadsheet.SharedStringTable,System.Int32)">
            <summary>Use PropertyInfo and column information assign a property a value based on incoming cell data.</summary>
            <param name="newItem">The entire object</param>
            <param name="column">Information about the property that corresponds to the column (cell)</param>
            <param name="oneCell">A single OpenXML cell with data in it</param>
            <param name="sst">The shared strings table</param>
            <param name="rowIndex">The row number</param>
        </member>
        <member name="M:ClassToExcel.ClassToExcelReaderService`1.RemapExcelColumnLetters(DocumentFormat.OpenXml.Spreadsheet.Row,System.Collections.Generic.List{ClassToExcel.ClassToExcelColumn},DocumentFormat.OpenXml.Spreadsheet.SharedStringTable)">
            <summary>If the user has specified that there is a header row, remap the class properties based 
            on the columns in the row</summary>
            <param name="headerRow">The top (first) row with header text</param>
            <param name="columns">Information about the property that corresponds to the column (cell)</param>
            <param name="sst"></param>
        </member>
        <member name="M:ClassToExcel.ClassToExcelWriterService.AddWorksheet``1(System.Collections.Generic.List{``0},System.String,System.Boolean)">
            <summary>Saves one worksheet in the spreadsheet.  You can add one or more.</summary>
            <typeparam name="T">The class type that contains data that will be added to the worksheet</typeparam>
            <param name="dataList">The data that will be added to the worksheet</param>
            <param name="sheetName">The name of the worksheet</param>
            <param name="createHeaderRow">Indicates if the worksheet has a header row.</param>
            <returns>A worksheet</returns>
        </member>
        <member name="M:ClassToExcel.ClassToExcelWriterService.SaveToFile(System.String)">
            <summary>Closes the spreadsheet off to editing and saves the data to a file.</summary>
            <param name="filePath">The file name and path to save it.</param>
        </member>
        <member name="M:ClassToExcel.ClassToExcelWriterService.SaveToMemoryStream">
            <summary>Closes the spreadsheet off to editing and saves the data to a MemoryStream that the caller is responsible for disposing.</summary>
            <returns>A MemoryStream that the caller is responsible for disposing.</returns>
        </member>
        <member name="M:ClassToExcel.ClassToExcelWriterService.FindOrCreateStyleIndex(ClassToExcel.ClassToExcelColumn)">
            <summary>Finds or creates a style index.  Style indices point to the INDEX position of a cell format.  In other words,
            if I return 5 from this method, it is the 6th element (yes, 6 it is zero based array) in the CellFormats array that will tell Excel 
            how to format the column.</summary>
        </member>
    </members>
</doc>
